{
  "Compliance_Score": {
    "train_mse": 0.0882026655248821,
    "test_mse": 0.314455594537315,
    "train_r2": 0.9995084640348465,
    "test_r2": 0.998227336492479,
    "test_mae": 0.41813495895425196,
    "best_config": "GradientBoosting_{'regressor__subsample': 0.8, 'regressor__n_estimators': 200, 'regressor__max_depth': 6, 'regressor__learning_rate': 0.1}",
    "best_cv_score": 0.9971735101571944,
    "cv_r2_mean": 0.997574854195082,
    "cv_r2_std": 0.00018072653794018456
  },
  "Financial_Risk_Score": {
    "train_mse": 3.6281362772575707e-06,
    "test_mse": 1.918689119281238e-05,
    "train_r2": 0.9999918165479842,
    "test_r2": 0.9999570213350313,
    "test_mae": 0.001453882948305917,
    "best_config": "RandomForest_{'regressor__n_estimators': 100, 'regressor__min_samples_split': 2, 'regressor__min_samples_leaf': 1, 'regressor__max_depth': None}",
    "best_cv_score": 0.9998665754192119,
    "cv_r2_mean": 0.9999142755276591,
    "cv_r2_std": 2.8562621771824157e-05
  },
  "Asset_Risk_Index": {
    "train_mse": 0.04833660068251537,
    "test_mse": 0.1782914571854005,
    "train_r2": 0.9995344273618827,
    "test_r2": 0.9981880878764262,
    "test_mae": 0.314860805628143,
    "best_config": "GradientBoosting_{'regressor__subsample': 0.8, 'regressor__n_estimators': 200, 'regressor__max_depth': 6, 'regressor__learning_rate': 0.1}",
    "best_cv_score": 0.9973360964157122,
    "cv_r2_mean": 0.9977540389544395,
    "cv_r2_std": 0.00010419637626117572
  },
  "Audit_Readiness_Score": {
    "train_mse": 0.07063436645502176,
    "test_mse": 0.12230668422697033,
    "train_r2": 0.9992775974175927,
    "test_r2": 0.998744786085191,
    "test_mae": 0.22624183111485632,
    "best_config": "GradientBoosting_{'regressor__subsample': 0.9, 'regressor__n_estimators': 100, 'regressor__max_depth': 4, 'regressor__learning_rate': 0.1}",
    "best_cv_score": 0.9984381771504657,
    "cv_r2_mean": 0.998608546560811,
    "cv_r2_std": 0.00023356388680095393
  },
  "Incident_Impact_Score": {
    "train_mse": 0.04704224268299134,
    "test_mse": 0.3003412155141078,
    "train_r2": 0.9999130843192301,
    "test_r2": 0.9994454488232567,
    "test_mae": 0.23070322040560037,
    "best_config": "GradientBoosting_{'regressor__subsample': 0.8, 'regressor__n_estimators': 200, 'regressor__max_depth': 6, 'regressor__learning_rate': 0.1}",
    "best_cv_score": 0.9989332462803696,
    "cv_r2_mean": 0.9990243728224399,
    "cv_r2_std": 0.00011230814012834206
  },
  "Composite_Risk_Score": {
    "train_mse": 0.08490638638720682,
    "test_mse": 0.36063337519662864,
    "train_r2": 0.9979788405044833,
    "test_r2": 0.9907587566672176,
    "test_mae": 0.45230791671556575,
    "best_config": "GradientBoosting_{'regressor__subsample': 0.8, 'regressor__n_estimators': 200, 'regressor__max_depth': 6, 'regressor__learning_rate': 0.1}",
    "best_cv_score": 0.9879102313305029,
    "cv_r2_mean": 0.9892768747038782,
    "cv_r2_std": 0.0005086365073019988
  }
}