{
  "model_generation_info": {
    "timestamp": "2025-09-08T12:27:01.459148",
    "version": "Enhanced GRC Model v3.1 (Revised)",
    "dataset_size": 10000,
    "feature_count": 24,
    "model_optimization": "GridSearchCV with multiple algorithms",
    "preprocessing": "StandardScaler + OneHotEncoder + OrdinalEncoder + Feature Engineering",
    "scikit_learn_version": "1.7.1"
  },
  "score_descriptions": {
    "Compliance_Score": "Comprehensive compliance effectiveness (0-100, higher = better compliance)",
    "Financial_Risk_Score": "Financial risk exposure with industry adjustments (0-100, higher = more risk)",
    "Asset_Risk_Index": "Multi-factor asset risk assessment (0-100, higher = more risk)",
    "Audit_Readiness_Score": "Audit preparation effectiveness with evidence quality (0-100, higher = more ready)",
    "Incident_Impact_Score": "Incident impact with response effectiveness (0-100, higher = more impact)",
    "Composite_Risk_Score": "Weighted composite of all risk factors (0-100, higher = more risk)"
  },
  "score_statistics": {
    "Compliance_Score": {
      "mean": 67.01000375,
      "std": 13.381407478958478,
      "min": 35.75000000000001,
      "max": 97.9,
      "median": 66.9375
    },
    "Financial_Risk_Score": {
      "mean": 1.1980574778363837,
      "std": 0.6663579686312053,
      "min": 0.09911641299609267,
      "max": 3.055957222095175,
      "median": 1.1489045226523702
    },
    "Asset_Risk_Index": {
      "mean": 64.743025,
      "std": 10.13645314533697,
      "min": 39.75,
      "max": 92.0,
      "median": 64.75000000000001
    },
    "Audit_Readiness_Score": {
      "mean": 79.4745925,
      "std": 9.885753838698376,
      "min": 38.275,
      "max": 95.0,
      "median": 81.39999999999999
    },
    "Incident_Impact_Score": {
      "mean": 50.570121386141004,
      "std": 23.267281482930134,
      "min": 19.0,
      "max": 88.87183280363557,
      "median": 58.9216782438798
    },
    "Composite_Risk_Score": {
      "mean": 34.906696833079124,
      "std": 6.435620048534326,
      "min": 18.609422848155287,
      "max": 51.40886421283979,
      "median": 35.124543918105736
    }
  },
  "model_performance": {
    "Compliance_Score": {
      "train_mse": 0.0882026655248821,
      "test_mse": 0.314455594537315,
      "train_r2": 0.9995084640348465,
      "test_r2": 0.998227336492479,
      "test_mae": 0.41813495895425196,
      "best_config": "GradientBoosting_{'regressor__subsample': 0.8, 'regressor__n_estimators': 200, 'regressor__max_depth': 6, 'regressor__learning_rate': 0.1}",
      "best_cv_score": 0.9971735101571944,
      "cv_r2_mean": 0.997574854195082,
      "cv_r2_std": 0.00018072653794018456
    },
    "Financial_Risk_Score": {
      "train_mse": 3.6281362772575707e-06,
      "test_mse": 1.918689119281238e-05,
      "train_r2": 0.9999918165479842,
      "test_r2": 0.9999570213350313,
      "test_mae": 0.001453882948305917,
      "best_config": "RandomForest_{'regressor__n_estimators': 100, 'regressor__min_samples_split': 2, 'regressor__min_samples_leaf': 1, 'regressor__max_depth': None}",
      "best_cv_score": 0.9998665754192119,
      "cv_r2_mean": 0.9999142755276591,
      "cv_r2_std": 2.8562621771824157e-05
    },
    "Asset_Risk_Index": {
      "train_mse": 0.04833660068251537,
      "test_mse": 0.1782914571854005,
      "train_r2": 0.9995344273618827,
      "test_r2": 0.9981880878764262,
      "test_mae": 0.314860805628143,
      "best_config": "GradientBoosting_{'regressor__subsample': 0.8, 'regressor__n_estimators': 200, 'regressor__max_depth': 6, 'regressor__learning_rate': 0.1}",
      "best_cv_score": 0.9973360964157122,
      "cv_r2_mean": 0.9977540389544395,
      "cv_r2_std": 0.00010419637626117572
    },
    "Audit_Readiness_Score": {
      "train_mse": 0.07063436645502176,
      "test_mse": 0.12230668422697033,
      "train_r2": 0.9992775974175927,
      "test_r2": 0.998744786085191,
      "test_mae": 0.22624183111485632,
      "best_config": "GradientBoosting_{'regressor__subsample': 0.9, 'regressor__n_estimators': 100, 'regressor__max_depth': 4, 'regressor__learning_rate': 0.1}",
      "best_cv_score": 0.9984381771504657,
      "cv_r2_mean": 0.998608546560811,
      "cv_r2_std": 0.00023356388680095393
    },
    "Incident_Impact_Score": {
      "train_mse": 0.04704224268299134,
      "test_mse": 0.3003412155141078,
      "train_r2": 0.9999130843192301,
      "test_r2": 0.9994454488232567,
      "test_mae": 0.23070322040560037,
      "best_config": "GradientBoosting_{'regressor__subsample': 0.8, 'regressor__n_estimators': 200, 'regressor__max_depth': 6, 'regressor__learning_rate': 0.1}",
      "best_cv_score": 0.9989332462803696,
      "cv_r2_mean": 0.9990243728224399,
      "cv_r2_std": 0.00011230814012834206
    },
    "Composite_Risk_Score": {
      "train_mse": 0.08490638638720682,
      "test_mse": 0.36063337519662864,
      "train_r2": 0.9979788405044833,
      "test_r2": 0.9907587566672176,
      "test_mae": 0.45230791671556575,
      "best_config": "GradientBoosting_{'regressor__subsample': 0.8, 'regressor__n_estimators': 200, 'regressor__max_depth': 6, 'regressor__learning_rate': 0.1}",
      "best_cv_score": 0.9879102313305029,
      "cv_r2_mean": 0.9892768747038782,
      "cv_r2_std": 0.0005086365073019988
    }
  },
  "feature_engineering": {
    "categorical_encoding": "OneHot encoding with unknown category handling",
    "numerical_scaling": "StandardScaler for normalization",
    "ordinal_encoding": "OrdinalEncoder for ordinal features",
    "derived_features": [
      "Revenue_Category: Enterprise size categorization",
      "Risk_Exposure_Ratio: Penalty risk relative to revenue",
      "ROI_Potential: Return on investment for remediation"
    ],
    "boolean_handling": "Integer conversion with proper type handling",
    "missing_values": "Median imputation for numerical"
  },
  "enhanced_scoring_methodology": {
    "compliance_score": "Weighted: Control Effectiveness(35%) + Framework Coverage(25%) + Maturity(20%) + Testing Frequency(15%) + Status Penalty(5%)",
    "financial_risk": "Weighted: Penalty Exposure(40%) + Business Impact(30%) + Remediation Ratio(20%) + Revenue Factor(10%)",
    "asset_risk": "Weighted: Data Sensitivity(35%) + Asset Criticality(25%) + Geographic Complexity(20%) + Industry Factor(20%)",
    "audit_readiness": "Weighted: Evidence Quality(30%) + Preparation Level(25%) + Finding History(20%) + Severity Impact(15%) + Ownership(10%)",
    "incident_impact": "Weighted: Incident Severity(35%) + Framework Impact(25%) + Response Effectiveness(20%) + Cost Impact(20%)"
  },
  "production_readiness": {
    "model_validation": "Cross-validation with 5-fold CV",
    "hyperparameter_optimization": "GridSearchCV across multiple algorithms",
    "feature_importance": "Available for all tree-based models",
    "error_handling": "Comprehensive exception handling and logging",
    "scalability": "Vectorized operations for batch processing"
  }
}